<?xml version="1.0" encoding="UTF-8" ?>
<!DOCTYPE configuration
        PUBLIC "-//mybatis.org//DTD Config 3.0//EN"
        "http://mybatis.org/dtd/mybatis-3-config.dtd">
<configuration>
    <properties resource="jdbc.properties"></properties>
    
    <typeAliases>
        <package name=""/>
    </typeAliases>
    
    <environments default="development">
        <environment id="development">
            <transactionManager type="JDBC"/>
            <dataSource type="POOLED">
                <!--设置连接数据库的驱动-->
                <property name="driver" value="${jdbc.driver}"/>
                <!--设置连接数据库的连接地址-->
                <property name="url" value="${jdbc.url}"/>
                <!--设置连接数据库的用户名-->
                <property name="username" value="${jdbc.username}"/>
                <!--设置连接数据库的密码-->
                <property name="password" value="${jdbc.password}"/>
            </dataSource>
        </environment>
    </environments>
    
    <!--引入MyBatis映射文件-->
    <mappers>
        <package name=""/>
    </mappers>
</configuration>