<application>
  <component name="ProjectManager">
    <defaultProject>
      <component name="AutoImportSettings">
        <option name="autoReloadType" value="SELECTIVE" />
      </component>
      <component name="CodeInsightWorkspaceSettings">
        <option name="optimizeImportsOnTheFly" value="true" />
      </component>
      <component name="CompilerWorkspaceConfiguration">
        <option name="MAKE_PROJECT_ON_SAVE" value="true" />
        <option name="PARALLEL_COMPILATION" value="true" />
      </component>
      <component name="Encoding" native2AsciiForPropertiesFiles="true" defaultCharsetForPropertiesFiles="UTF-8">
        <file url="PROJECT" charset="UTF-8" />
      </component>
      <component name="MavenImportPreferences">
        <option name="generalSettings">
          <MavenGeneralSettings>
            <option name="customMavenHome" value="/opt/apache-maven-3.9.6" />
            <option name="mavenHomeTypeForPersistence" value="CUSTOM" />
            <option name="userSettingsFile" value="/opt/apache-maven-3.9.6/conf/settings.xml" />
          </MavenGeneralSettings>
        </option>
      </component>
      <component name="ProjectInspectionProfilesVisibleTreeState">
        <entry key="Project Default">
          <profile-state>
            <expanded-state>
              <State />
              <State>
                <id>Gradle</id>
              </State>
              <State>
                <id>Kotlin</id>
              </State>
              <State>
                <id>Maven</id>
              </State>
              <State>
                <id>MavenMigrationKotlin</id>
              </State>
              <State>
                <id>MigrationKotlin</id>
              </State>
              <State>
                <id>Security</id>
              </State>
              <State>
                <id>可能的 bugGradle</id>
              </State>
            </expanded-state>
            <selected-state>
              <State>
                <id>用户定义</id>
              </State>
            </selected-state>
          </profile-state>
        </entry>
      </component>
      <component name="PropertiesComponent">{
  &quot;keyToString&quot;: {
    &quot;settings.editor.selected.configurable&quot;: &quot;preferences.general&quot;,
    &quot;settings.editor.splitter.proportion&quot;: &quot;0.26252505&quot;
  }
}</component>
      <component name="TaskManager">
        <task active="true" id="Default" summary="默认任务">
          <created>1711808788712</created>
          <option name="number" value="Default" />
          <option name="presentableId" value="Default" />
          <updated>1711808788712</updated>
          <workItem from="1711808970622" duration="57000" />
        </task>
        <servers />
      </component>
      <component name="TimeTrackingManager">
        <option name="totallyTimeSpent" value="57000" />
      </component>
      <component name="WindowStateProjectService">
        <state x="1104" y="319" width="629" height="323" key="#com.intellij.codeInsight.template.impl.EditVariableDialog" timestamp="1711808505056">
          <screen x="0" y="0" width="1920" height="1024" />
        </state>
        <state x="1104" y="319" width="629" height="323" key="#com.intellij.codeInsight.template.impl.EditVariableDialog/0.0.1920.1024" timestamp="1711808505056" />
        <state x="493" y="231" width="427" height="484" key="FileChooserDialogImpl" timestamp="1711813300139">
          <screen x="0" y="0" width="1920" height="1024" />
        </state>
        <state x="493" y="231" width="427" height="484" key="FileChooserDialogImpl/0.0.1920.1024" timestamp="1711813300139" />
        <state x="601" y="116" width="1001" height="742" key="SettingsEditor" timestamp="1711813303237">
          <screen x="0" y="0" width="1920" height="1024" />
        </state>
        <state x="601" y="116" width="1001" height="742" key="SettingsEditor/0.0.1920.1024" timestamp="1711813303237" />
      </component>
    </defaultProject>
  </component>
</application>